purch_trans_id,purch_datetime,purch_price,cust_id,prod_nbr
cbc910a6-9d18-4d20-a34c-90c314cbeb59,2018-08-06 20:17:52,59.37,,1307
37838dcf-7250-4939-8edc-b385857a2b29,2018-01-26 08:43:30,32.41,1254724,1349
c48a157d-bda5-4bbe-a38b-206127814eb3,2016-05-18 03:52:11,31.26,,1323
862ea32c-bbb8-456a-a0d0-70a10d6e17b0,2017-02-16 00:33:12,55.60,1254770,1359
4bd2283f-8081-45d8-84ee-e17de4c94686,2018-04-02 03:19:16,54.10,,1357
d273ca4b-737c-4521-8c1a-b57e0657985f,2017-07-09 05:25:34,42.63,,1339
c8fa23bc-72c1-405b-aa8e-225f5d33255d,2016-03-24 19:57:04,57.65,1254739,1362
afe99fde-7729-401f-aed5-f7f7c613d007,2016-11-05 12:41:29,56.00,1254742,1353
35b357ac-c269-405d-bb0f-b7eaa933ab4b,2017-04-17 06:41:04,21.16,1254667,1277
7b761f8b-7530-4ec4-b425-fabd0a181d41,2017-06-09 10:36:19,22.09,1254716,1272
9aa2aaee-c77a-4eb5-bfdd-aa4832daa8a2,2017-01-06 00:18:37,14.54,1254699,1318
173c31d9-f198-4bb3-b1f0-ba13951595d5,2018-06-02 14:17:12,23.55,1254673,1341
6dc0d2cb-e045-409a-b4b3-be33025cbe18,2017-08-03 23:42:03,35.86,1254748,1344
98679734-d895-4e9a-b23c-207ea8cf1c9d,2018-10-01 04:46:39,19.73,1254779,1332
9fb5fe67-88d0-4cfe-9d7d-3528e323dd4f,2017-08-22 03:56:51,65.96,1254745,1307
8de28fd1-6a6b-410c-b680-8ff5271f5dc1,2017-07-25 10:49:04,38.80,1254707,1277
bdefb48d-4e2b-41f0-aa35-6dd41396e653,2016-07-01 15:12:55,46.16,1254749,1289
0331899c-2663-47a0-88d0-87b0bdc4a7ad,2017-04-02 23:20:11,33.35,1254716,1331
b49eabe3-304b-4689-87ab-e1b6a005f894,2018-01-20 01:36:22,20.70,,1354
322c825b-62c7-4795-b41d-2d5dd2dcf74f,2018-05-31 22:45:13,38.42,1254665,1302
eb0b0d31-2595-4e51-82db-46f4018ff067,2016-09-23 10:19:08,58.81,,1345
716b2e8e-f3f7-49b1-b303-c8ed1a90f5e5,2018-09-23 17:26:13,64.22,1254750,1258
f19d4a00-49ec-4b6d-8002-336b42a43e26,2017-06-05 05:41:46,20.07,,1281
10d82ea2-3efc-4734-a6b5-85a659442af3,2018-01-06 02:22:09,23.27,1254743,1330
c6b8e710-8f2b-4a8d-b295-7d19c9291f14,2018-04-03 11:25:29,73.80,,1353
84b155ca-4321-40ae-9557-91c67ef0a5c1,2017-07-03 06:13:37,67.30,,1290
b5c41db7-1c6b-4bff-9dd8-62496e12b7af,2016-10-15 03:05:45,32.39,,1364
ad1e8098-50d7-440d-b48c-cf31f00bdd9d,2018-08-24 05:26:53,35.19,1254673,1346
45b7eb26-5b2e-4dd1-9e83-a3e3e9081863,2016-01-09 02:51:02,57.01,,1329
01bbefcf-fac2-4b0a-b504-0d0262f6fd06,2016-08-22 05:18:15,68.33,,1335
2d16495c-c1c8-48dd-8924-95b8ce2a68dc,2017-09-07 01:18:33,56.67,1254677,1342
087fe8bb-16b0-4b09-87e3-52a0266a66ff,2016-07-17 19:42:10,41.07,1254699,1358
775198de-f1f7-4fe5-8246-d96dc9a35a74,2017-10-23 02:30:39,73.62,,1349
0f29a5e6-d764-4659-b350-677ddc173a73,2017-02-04 19:05:24,58.17,,1290
e87a19b1-8711-4a90-92fa-df8f36694da2,2018-11-03 06:06:55,13.29,1254682,1348
70effd86-10bc-400b-b5f1-5fad66939c3a,2017-05-07 19:21:29,20.86,1254692,1341
985d0a91-5cf0-4f55-b665-c3ace5c50183,2017-02-27 20:41:34,13.06,,1322
a6e366a3-5a16-428a-8b1e-ef4f53ffef9e,2016-03-16 19:49:03,49.86,1254700,1361
e227be38-d398-451e-bbf4-4f338ab914d7,2016-11-06 00:18:57,14.27,,1332
147b0a2d-b230-494d-a2c2-14cab1ff687b,2018-08-22 06:06:23,13.93,1254766,1273
fe47186f-dc4b-4d06-8920-492b5cc52b05,2017-04-11 20:10:39,38.83,1254759,1363
00e39e94-9fcc-4d9f-8f15-b00ebed3c928,2016-10-19 16:05:51,53.18,,1323
406007b1-80d6-49a3-9cc4-b8503b6f6733,2018-01-16 09:10:28,35.62,1254785,1348
f5758d53-d075-416a-a52a-7e850ee87964,2018-07-17 02:12:09,72.35,,1318
255f5b3c-f490-4d27-b38b-33db464c2167,2018-01-03 00:37:27,10.57,1254689,1258
1c623636-4aec-4608-aed4-41c5d865f9dd,2017-10-24 06:23:53,55.55,1254773,1273
969fecef-3bbf-4ada-9733-200813370c2d,2016-04-22 14:04:30,55.26,1254712,1275
c1b0da55-438c-419f-9ec0-046755362b7b,2017-07-24 06:33:23,43.72,1254758,1264
cf1204f5-92a6-4e55-8e3c-bcbe9513d100,2017-08-13 09:11:31,15.98,1254751,1283
88a49094-3ab5-4b69-8593-7ef708cbec4e,2017-04-22 03:22:22,14.55,,1267
c92f464a-f2be-49f7-bb43-823cd14cc475,2017-08-07 05:33:06,66.82,1254775,1302
fa2b5f89-dac7-4220-8ef2-6199ace6d4e8,2016-12-20 09:10:49,32.49,1254676,1270
149b60af-085a-44a3-b33f-81f8723b7ad8,2018-05-04 03:00:18,49.45,1254743,1359
145d51dd-56e4-486a-870c-380a8eeb3f9a,2017-01-12 02:24:12,17.05,,1286
2cab59fe-2c07-485b-9ba9-5de44a6d79d6,2018-10-02 03:58:22,53.52,1254671,1290
bf86fc79-9305-4869-8584-4ed6a54b71a2,2016-01-11 12:19:07,34.89,,1258
95fba132-77a8-4f3a-abd0-22bb679188a6,2016-09-02 17:01:25,61.38,1254731,1315
432f4e5d-27b4-4256-b91d-ef1730303170,2017-07-13 00:24:50,30.71,1254763,1281
432f72be-3783-4513-9740-935d588347d6,2018-08-29 16:00:36,38.57,1254683,1317
3fc1af33-7ccb-4081-b933-de57c3ace659,2018-06-29 00:52:01,68.59,,1307
e5050c68-7f06-4922-b573-c2f9e57a5dfc,2017-11-30 18:12:19,67.68,,1342
173420de-5016-404c-b859-af7c0f59c981,2018-11-26 05:17:09,57.11,1254780,1302
e2458389-bd36-4990-b7f6-8b8f108a25db,2016-10-09 06:12:32,31.65,,1344
78851d7e-c911-408e-9f89-6b6bc9a15372,2016-02-17 18:12:22,70.27,1254688,1278
022f4e05-91df-40b4-b64c-a3204f8878eb,2016-08-15 08:27:20,69.35,1254760,1350
04738bb7-0975-4347-82c2-aa1161723ee8,2017-11-11 03:36:00,59.20,,1327
5f4ee01b-cd95-4475-ad3e-ab77b727b514,2018-07-14 07:34:31,49.45,1254747,1351
c40117b7-4a89-4176-8d77-e9acc72b4fea,2016-02-14 13:02:26,72.66,1254695,1359
ef6a335f-315a-4362-af78-818d8802887a,2016-12-07 20:47:00,40.19,1254747,1363
ccf2ad43-1d81-4030-a01d-0309ddec6a96,2018-03-04 19:45:04,74.44,,1358
a6d16729-a52f-47bd-95aa-b7fb18b00c44,2017-08-28 17:16:02,15.61,1254676,1287
bfef7638-7cfa-42f1-a163-ce9bb65cacd6,2018-04-03 04:27:44,61.90,,1305
cc9b2219-1244-4f55-9205-c949eee6119e,2018-01-17 06:13:48,62.98,,1286
948e1439-1a1d-43dd-96da-d7358cf455ba,2017-11-19 13:27:52,21.76,1254772,1287
068704e8-9707-4405-8cb3-d12e263c7c3e,2018-10-06 08:07:47,59.63,1254745,1335
3e13c175-e3d6-4738-bc89-00e2362c0de3,2016-09-26 05:49:21,18.65,,1295
db8e5fc1-2e04-4c49-9ff6-7d48f11924f5,2018-10-12 08:38:34,18.82,,1261
3804f53f-0728-470d-b2c6-f49bc0b7746a,2018-03-30 20:52:34,56.51,1254724,1276
a9fae759-98a0-47d0-a686-06cbcc9f89a5,2017-08-27 20:22:25,47.38,1254694,1283
4d0599ba-6076-4a10-a959-358dea41a489,2016-07-10 05:23:38,28.14,1254731,1314
385a1c9e-8d4f-4d20-8379-c9a93091cb05,2017-10-30 16:24:19,40.60,1254751,1332
716bf823-9163-4b26-b7a0-3b7b4b7504df,2017-03-23 20:13:34,45.41,1254726,1326
c105701b-8f91-4fab-91b1-ceb843d89e08,2016-09-22 19:15:03,19.91,,1336
3beff1c5-d31b-4d6f-b11b-30275ffe78af,2016-10-13 17:09:08,57.28,1254670,1290
99fb3673-9e7f-4919-88d0-74328f5fd108,2018-03-23 09:44:17,45.95,1254773,1326
a9acee72-51f5-4342-b741-12e17dd53beb,2018-07-22 06:13:36,29.32,,1324
adcdcc88-0bf5-4339-a6a8-77bffe1c03e3,2017-09-30 10:37:52,28.22,1254786,1303
98b30837-d621-423b-b29c-039757f3ca1e,2016-07-28 14:46:08,53.28,,1352
6a951f92-06f2-4a03-b291-f045af78343e,2017-12-11 19:57:25,34.41,,1261
743ddd94-7f1b-417e-83d4-65cea4a323aa,2018-01-19 12:10:12,67.30,,1303
5b0bc82f-38d1-4c91-8296-4c95665ae849,2017-09-11 20:45:20,46.19,1254669,1355
b3b3a620-0e24-4fc7-b4e1-eabd8f7d9d90,2018-06-30 13:03:06,45.22,,1334
5fd29e1b-25c4-4d0a-ba8e-7d5958f0f83b,2017-08-27 07:53:03,55.86,1254769,1326
b3b9c04f-b130-4489-b750-da3ae377a7ce,2018-04-29 02:22:05,61.72,1254688,1352
c9028f76-12a0-4b6c-8b2f-b3a83744cf33,2017-02-27 02:07:02,23.21,,1277
97720c51-9f9d-4a8a-9188-d5b8084d3cca,2016-09-23 17:02:26,66.69,1254779,1310
ba2df751-5db9-4813-bed7-1999665e5e21,2016-07-29 01:29:18,58.27,1254689,1301
95bf2bab-08b8-4930-bef7-0c2b31eac4da,2018-02-15 02:29:10,55.31,,1339
1d4afb86-8abe-4e8c-8a19-bda5ea0039d3,2016-05-19 07:58:40,38.66,1254666,1359
24b1f73e-4865-4345-9dc3-c46c6915ec7c,2018-05-28 07:42:48,47.71,,1272
e4881b84-de74-4b7e-a0bd-900e1aa5e043,2017-09-22 12:37:53,17.66,1254712,1295
96648086-9cb5-44d9-9180-ba3445451a3b,2017-03-08 20:27:54,10.38,1254668,1281
37613a8b-e03d-4753-985b-c4f0c479c732,2017-10-30 06:32:05,65.79,1254755,1275
863b9e77-ecc3-48fa-b0bc-481d55c772c4,2017-04-06 10:50:30,63.38,,1351
94e7106b-2813-4b54-bd31-81af1a0e84c1,2017-07-27 11:55:37,34.43,,1304
9b95c17f-2db1-4bb0-b357-6e0b976792d4,2016-09-06 13:24:50,31.56,1254755,1331
bf440dc9-c5c6-4c9f-b17e-2ce7f91a3d1b,2018-07-18 23:57:31,64.96,,1363
9aac9c62-7216-4efb-b8d7-af798cf4495b,2018-06-02 22:45:08,65.11,1254715,1345
eaa18921-220b-448e-b927-104648ba080a,2017-10-01 12:13:20,72.36,1254763,1327
35736726-b3fd-464c-95fa-8c8873486bb0,2017-07-09 06:29:56,74.28,1254733,1267
f3092bd4-386f-4635-9c12-5dca4259fc6c,2018-08-31 04:59:51,67.86,1254671,1271
3976b29d-7f94-43cc-b4f8-5bbdd7d2870f,2017-11-29 09:35:45,60.22,,1331
9a259fb0-b031-4ab4-9e0f-f86a009e0046,2016-02-28 21:22:11,57.70,,1300
333a6c14-fa19-435d-aeb3-bb884c27642b,2017-07-27 14:12:49,69.11,,1281
5b1a2181-becf-4107-ab39-2793e1afca32,2016-12-28 15:42:38,62.94,,1298
18b7c3fa-8361-463f-a59e-36b8de5bb1ff,2016-08-23 11:45:24,62.17,1254734,1288
cbd6d92f-9194-449a-acc4-a67e1205b745,2016-08-23 17:31:05,25.30,,1362
d09f3d99-c7e0-4958-a419-7617e4c6fa9c,2018-02-25 03:56:20,23.55,,1336
0547613d-39a3-4d00-91f9-23df25b8a87d,2018-03-21 20:16:03,26.95,,1275
1f9a605b-de51-4b39-a394-3c8cde7e3e32,2016-01-23 19:10:03,45.25,1254745,1259
93d129ab-2d2c-41b3-8918-b6082f695cea,2017-02-25 07:44:28,44.88,,1302
6261dc87-73c6-438e-b7e0-d8f82c4fc6c1,2018-07-06 05:29:04,16.70,1254735,1337
74c61165-bc00-4dc1-9aaf-77947a0e17cf,2016-12-09 19:00:33,46.54,,1281
9ec9cefe-707f-4c45-a239-1505e5893dde,2017-05-28 06:20:02,35.50,1254684,1350
5d656dcc-b56e-4079-971b-ca30695e6e8b,2018-05-21 15:14:15,11.72,1254697,1296
d22542e9-3cb1-41d5-8f99-59010a215ac3,2018-07-23 02:54:57,11.94,1254758,1344
8243d643-b6f9-43db-8c4d-4fcf9b6cc8cb,2017-07-03 12:48:40,33.23,1254712,1295
9a76fffe-4fe6-473f-a4ad-2cc13d2d645d,2017-07-02 03:30:10,54.76,1254723,1327
0486d87c-96c0-4f62-82ce-a952c4db1baf,2018-05-07 14:03:07,20.33,1254751,1260
7d6befd2-5667-4e97-928e-ecf2ebea20f6,2016-02-21 04:50:24,15.43,1254677,1319
7f4c6c2b-4e4a-4f0e-82be-57cb6d6f146f,2016-10-31 17:49:52,31.32,1254749,1325
63a02699-74d2-4ea3-b91b-509e9c9ef33e,2017-12-26 12:50:37,29.90,,1320
c8012e17-9e39-4cb1-b7ca-b2e78b6a9322,2017-08-04 23:18:34,38.34,1254675,1299
c529b9d2-2a13-4a21-b2f9-0a8b11bdf525,2017-05-21 17:25:03,29.77,1254775,1264
db724360-e574-403d-968b-f16a3bb7a8d4,2017-05-08 15:29:16,34.35,1254733,1337
c4c1d4f6-f200-4897-b4ed-746a984f0489,2018-05-16 02:16:52,27.83,1254691,1313
bd769363-c48b-4ebb-b320-9fc2029c3b73,2016-06-25 23:05:39,29.11,,1280
867c5f3e-f2f0-4ece-b694-e3f59f9d3803,2017-05-30 09:53:07,16.43,,1344
c9945939-4237-4ba2-8473-7876d536d690,2017-07-03 22:22:49,33.81,1254757,1270
0f58532d-b54e-40c2-babb-3cf33dc2b27f,2017-06-06 18:09:37,27.79,,1309
e3cc2b5e-76d4-41bc-9620-c41f91c467cf,2017-10-15 18:58:41,54.81,1254679,1309
a39b660f-33b0-459c-a3cf-be1770385a67,2017-02-05 17:40:54,54.57,,1263
d729d3db-0cc2-44f8-b966-41fbffa5c16d,2016-10-18 11:24:55,36.36,,1360
ce64a851-3f03-4ff3-962c-2215069ab3b0,2018-10-08 01:13:15,73.69,,1329
d77302f8-3533-4129-b59a-0f50a95ebe05,2017-05-11 08:45:16,29.08,1254728,1275
a0a0040f-9966-407e-a5de-0968b2fa85ac,2017-10-19 21:22:46,70.17,,1359
181420f2-f2de-4dec-a2cd-b1363fe33836,2018-06-04 14:56:08,52.84,1254723,1330
97447e59-00a2-4948-81eb-f13855f31639,2017-07-22 01:54:32,13.10,,1270
6992e4f5-351f-418e-9a08-a71b82cdf590,2018-09-26 19:38:32,41.16,1254733,1342
2a72176b-324e-4fe1-bede-0d672bc7786a,2017-06-03 17:00:10,49.89,1254739,1295
67969728-6de0-40a9-95ea-5aa99719cde7,2018-03-10 10:09:34,38.58,1254785,1347
08d99605-7742-4c17-b2ac-d2f78b4e45d7,2018-01-28 00:06:30,47.97,1254747,1261
74dee6b7-0bfb-4160-8d2c-ed971d4c2d72,2017-09-24 15:06:14,60.51,,1354
6643c01b-df28-4f83-8248-3ee3063755f0,2017-06-06 21:00:01,27.38,1254759,1351
aaea6379-7527-4011-8d1a-8f62f405721c,2016-05-10 14:52:34,36.92,1254703,1342
7b9511c1-bd67-45ca-aec1-8aa8814b4509,2016-08-14 13:39:02,52.88,,1342
1b1fce52-490d-4a4d-82b6-169cda974fa9,2016-09-27 23:26:24,63.76,1254691,1320
b32a5f37-5c15-445e-92ba-b4823fc430c4,2018-03-24 15:15:23,57.74,1254676,1286
a050fe69-c067-4c9a-a86a-b772781da858,2017-04-27 04:01:15,39.30,,1351
51ad3327-7e7c-46bc-8b20-4080481f9f43,2018-02-15 18:07:08,40.89,1254722,1304
ac2a6fa4-cf42-40bc-a1b5-20b4a0689dec,2018-08-06 13:21:07,40.68,,1360
2ef091be-5d94-44be-b601-0bae2d44628d,2017-03-15 23:28:02,10.24,,1325
fa40590f-a977-40da-8e39-3441ae5eb3af,2018-09-18 06:38:54,15.68,1254749,1352
48c6e60a-3f1d-41aa-8f36-5ee1bca21d63,2016-07-21 16:48:53,58.24,,1260
6b150e49-934c-4f28-b04d-6d48b4b3f294,2018-01-04 05:36:51,43.86,1254715,1266
897c42d5-6956-42c5-8a89-4ff060022570,2018-11-14 13:29:24,45.51,1254665,1300
b31e2e4c-325d-4601-a873-0787ed0969c7,2017-06-26 12:18:56,24.50,1254731,1290
03baa41c-4478-455a-ab73-22f2a5b227d0,2018-11-07 07:33:09,34.30,,1317
bb9b8d4a-f1f7-460a-9b48-fda64bc8e1a5,2016-01-29 14:05:07,17.15,,1345
fcfb5ad7-a4ae-4164-9f87-979fda3e46cb,2018-08-08 04:21:47,30.21,1254671,1258
7c3a7583-d9e1-4960-b338-9fdd13930b16,2018-10-20 01:57:33,47.65,1254769,1264
dd8a1563-5228-4a64-a640-89651ae9dbaa,2017-07-30 13:34:22,26.59,,1273
9b820cbe-88fb-4fde-b879-5eb4a11f7b1a,2018-09-14 08:04:40,48.14,1254686,1350
45485d1d-682c-4c65-ad1c-b4e16b568f7d,2016-01-12 01:19:38,37.68,1254734,1362
7d2319e7-d29d-4d95-b38c-ce6a14debeb6,2018-09-01 19:46:53,48.41,1254768,1355
4f09173e-53b8-439a-9808-4cbf5fd51e50,2016-04-16 23:02:12,57.66,,1313
914ff169-651d-428a-94ee-5b239cac176c,2018-06-01 05:16:13,19.05,,1356
0be33b7c-2dc4-4663-8602-24d66b7727d4,2018-05-19 03:38:33,25.08,1254667,1347
ce9e8f12-e746-4fdd-8a85-b1868b74616a,2016-08-06 10:33:18,14.82,1254772,1294
9b1339f0-067c-42cf-92cf-f02c268394de,2016-06-16 02:42:13,24.66,1254703,1355
62a4c05a-441d-4500-9ca0-0d0573373f87,2018-01-05 15:42:21,56.88,1254670,1270
08082354-3b08-4759-bdff-7315c2307ea3,2016-03-01 08:17:21,55.06,1254731,1345
c10c7f4e-2807-421a-bb8b-8da53ba685d0,2018-06-07 02:52:53,36.04,,1262
798e2b36-ded8-4280-9f30-b18932b54b79,2018-07-23 03:37:19,10.85,1254713,1362
cbcfa83a-a134-452c-b853-cfcb7b540762,2016-01-03 12:01:42,29.32,1254754,1276
134dfe96-f405-4d0e-ad69-558df023874a,2018-03-23 02:18:00,38.91,1254679,1281
a928be30-5a0e-4e35-9d09-1e5d9d0cf6ee,2016-03-24 05:32:42,25.21,1254691,1314
3e21538f-8e03-4375-8ee3-747fcbabab88,2018-01-27 07:28:25,29.00,1254716,1266
52ac58fe-8260-41a8-8877-1cdec1a9a6ea,2018-06-03 13:18:37,31.56,1254749,1258
c8dfefd0-9017-4808-b32b-c1911c24c969,2017-09-12 13:45:33,56.86,1254716,1320
edc1da71-19f1-478a-bc66-5d837a49d685,2016-06-06 20:40:51,69.03,1254749,1357
2ba931ef-f2ae-4554-95ec-62ee13329ded,2017-04-29 14:05:13,52.05,1254743,1264
74ec9994-1496-4ec2-a94e-54e0bf9864fe,2017-07-26 06:19:09,22.27,,1320
947d3c53-ebb7-466e-a7c1-364c163e039b,2017-04-25 18:55:51,46.28,1254694,1310
0b877731-6aa8-4c3e-92e1-fedd36085e6e,2016-01-24 16:56:25,45.52,1254783,1308
a0b3bf95-02f3-436c-b39e-77f855e6a979,2018-04-07 10:37:48,65.87,1254724,1280
bbf90e07-4ea3-4aa9-8d21-7e4c930ed274,2017-01-21 16:38:51,24.02,1254786,1310
97f879cb-6164-4c33-a081-bfb2453cf6f8,2016-11-13 05:58:36,59.96,1254704,1262
9ea565a3-64b9-4607-a63d-878546cac077,2018-07-17 11:20:50,74.40,1254775,1281
1648e8ba-4c5b-4369-97ed-ebb5570b2845,2018-08-20 02:13:24,50.84,1254728,1284
28ddcb9b-76e0-4148-a889-a5193c66a78a,2016-08-23 19:32:10,50.57,1254763,1325
4ee15b6d-635a-4815-ba05-c22d0805ddaf,2018-11-22 19:54:19,15.20,1254714,1278
81dce546-3a5f-4235-a8f5-11164216dcb6,2016-02-19 21:59:42,73.72,1254684,1304
793925bf-c6ff-4718-ac95-4863676cb590,2018-03-20 04:17:20,20.00,1254723,1354
1489fb7f-4d49-48b0-8d8b-0db1f5507260,2016-10-23 10:38:28,19.11,,1361
ebef7fb3-fb24-4997-b248-e107e1d577ae,2017-10-15 22:16:00,74.82,1254701,1315
3cecb4c2-3c9a-4c77-b879-990db6cd4fb4,2017-07-01 17:43:18,27.37,1254748,1270
757a01e4-7224-4494-8408-e4719f68423d,2016-02-25 02:44:25,40.50,1254722,1350
744d4cbe-23b5-4b36-8ae7-30ec0f1e7849,2016-10-12 20:44:40,12.93,1254726,1355
e696ef34-674b-4cee-9d7d-de7f5523c4a1,2016-03-06 01:39:11,65.26,,1345
ae0525ac-3f13-4627-b7f6-3316ce8c99b8,2017-07-03 13:23:44,68.96,1254772,1320
756033eb-0239-44ae-876f-87d8d9373021,2018-09-03 12:13:12,62.38,,1311
63f8578a-deee-4966-9975-6ad259f39ca9,2017-02-22 02:01:44,65.14,,1282
4182205b-5130-4e5a-b69a-40e57012e0a3,2018-04-03 08:35:35,30.19,,1348
54cd7414-7596-44b9-9e3c-309fd1da7623,2016-01-03 18:55:51,41.99,1254682,1258
c3d56028-be66-4d1e-8af4-c732f8f792f9,2017-07-27 00:20:29,44.53,1254759,1274
992137b8-b83f-48fc-a3c0-5e2ef77a87cd,2016-10-15 23:05:02,60.70,,1331
7e1c3324-faf5-4010-840b-b7778edb7c78,2018-10-16 03:44:00,28.59,1254668,1334
129f7c15-1ff3-47d2-8cec-822178aba86c,2018-07-11 14:38:25,35.31,,1291
601ca347-1ad1-4ba8-b4db-612a8c6b2808,2016-03-30 05:35:56,24.94,,1348
26428073-a2fa-47e7-8579-ef9c13858f98,2018-04-16 20:04:25,28.46,1254785,1321
7e1ca6a9-ba7a-499b-8815-ad42a23b74a5,2016-07-19 19:02:00,27.14,,1279
487aa7f6-081a-42e5-8ef9-8a2393fa8434,2018-01-19 18:53:17,12.44,1254733,1327
f0b0ba23-ba0b-40b5-91d9-742fafd89de0,2018-05-12 00:30:21,17.23,1254758,1258
a5d50b72-8b5e-40ee-9414-f53fb6ca1a1f,2016-02-19 10:35:54,66.03,1254728,1259
67776bb0-9368-46b8-b7e7-2f041728ce3a,2018-07-10 06:03:42,33.90,1254742,1362
64f5e6d4-897b-4239-9a4d-7ef593c98b95,2016-05-09 13:42:38,27.86,,1345
b3f27458-9119-43b0-8db0-bba556b0f84d,2017-12-20 05:18:47,31.15,1254669,1360
3811bd4d-7314-4dfa-8bc3-16420fdf4380,2017-10-29 18:57:16,71.93,1254671,1351
69fbe1f3-78a8-4a07-9c5b-545454c6780b,2016-06-07 19:34:50,54.15,1254770,1355
f62604a0-e3ae-4012-a9d7-dc63aa46986b,2017-04-02 12:47:37,46.02,,1323
abaf78cd-a0aa-489e-80d3-385e029f2fbd,2016-02-06 04:31:49,54.05,,1321
74d4be82-6e9a-4638-a1e5-6a825cf54512,2018-01-31 22:19:31,50.08,,1291
789ad003-41a4-4191-8d19-a9b139fe6a0d,2017-07-31 19:46:27,18.84,,1319
170d2137-207c-4f81-b69f-8ddf7da748bf,2017-10-09 02:59:58,33.18,,1337
c8d0952f-5c6f-4509-b071-059c31fc8f9c,2018-07-01 00:22:45,59.79,,1271
f8dadefa-6649-452d-b59e-3530c9bde279,2017-07-15 02:52:06,71.28,1254785,1332
17f0fefe-dc79-450e-9dd6-2895c2e7da8d,2017-05-13 01:00:35,49.10,,1363
1ea32286-83c5-408d-b1b0-35af0bc70475,2017-02-04 05:56:24,15.59,,1346
48c8497d-e8aa-4692-95ae-199aeb971bde,2017-09-28 00:43:14,72.51,1254781,1297
21575959-25f5-4e27-a7b6-faf6e222e996,2017-03-19 04:21:04,25.03,1254665,1360
8bee2c13-5570-421e-8156-cbef99ec14a8,2016-09-29 14:16:03,55.48,1254757,1274
3d39bc34-5883-4438-822e-d0c0f660828f,2016-12-08 16:13:28,56.72,,1295
8adafffe-b60a-48c4-b504-3f73778c2e9a,2016-07-13 03:09:43,37.84,1254754,1309
40e97395-41e8-476c-805e-e1ec40c318ea,2018-05-25 22:33:03,32.67,1254699,1312
2b1bb7c8-952f-43ab-89a1-fb09a1c81c1b,2017-03-14 02:28:28,70.77,,1274
22816967-314d-4a4a-b995-21b93c217dca,2016-07-07 14:30:18,72.73,,1271
45a75f56-1ec1-4964-8503-b28eaff0bc00,2018-06-20 13:50:01,54.89,1254707,1315
c033a5ac-3c5d-4521-86c4-b73b988bf4ce,2017-12-22 11:00:55,39.28,,1318
844bbfa6-1218-4ea0-973c-f1e9076b759a,2017-01-08 03:49:34,19.75,1254759,1336
b4d8c4ba-9323-4383-b643-655293932222,2016-11-27 00:01:59,72.66,1254785,1302
3d160dd5-ff8b-4968-8fd1-004163b870e4,2017-02-01 20:47:20,67.52,1254742,1359
da5cc634-f49f-4bc4-83f1-c14971335a3e,2017-04-20 05:33:58,35.24,1254722,1291
0f80f48c-57c2-4523-a36f-bb5f9dba43a4,2016-07-29 00:00:56,18.80,,1276
b1af73c6-916b-4fce-b58b-1a8a8d826825,2017-11-24 23:40:09,15.94,1254664,1306
3b385844-e1ca-4e58-b81f-430d4edeebdc,2018-10-12 04:25:19,27.65,1254700,1293
89007132-87ac-4cf8-8ac3-7a1c9597a187,2016-04-04 02:59:00,33.94,,1305
3607bfd6-e748-4dd9-be5d-35465db2e2f3,2016-10-26 05:35:58,53.55,1254699,1295
79fcfaa3-72d3-407d-b2f8-96b6e5cfc5aa,2018-05-10 03:05:43,13.03,1254718,1271
2f53a1ae-423d-4f5a-b86b-7fedf88977cd,2017-06-20 12:36:44,60.22,,1324
cb4674c1-39d2-42dd-8b35-eed1e6707dcd,2016-02-22 14:11:47,10.34,,1355
0c99da01-dec7-43e4-83fc-1137b7880de7,2016-02-12 06:52:42,74.99,1254664,1301
0e08cee5-a10a-4744-a251-3d5611ef4dde,2016-02-05 20:47:45,45.47,1254677,1263
9c3a6e68-554c-492a-9f5d-d0559ca4fe09,2017-07-30 21:53:48,18.34,1254724,1342
c7d57ab4-b5d2-47d5-b1e4-4778e74f1e3c,2016-07-28 18:10:30,16.66,1254730,1305
02bd4d85-2fca-4701-b393-a8774e2a1655,2016-09-24 09:36:26,10.41,,1359
6310885a-f5ba-41a7-98fa-0d1d6f5ccf83,2018-10-04 17:21:03,52.74,1254747,1298
11ebbd74-96ae-4ec3-acd2-2133e51c5bc7,2017-09-08 20:31:55,31.19,1254787,1270
6932e59d-41c9-46e5-83ba-d5fbde532e8f,2016-09-10 15:56:03,58.96,,1264
d397f7f9-a849-4346-b8d7-b2de7c191978,2018-10-17 23:16:49,11.51,,1289
e69926be-d322-448c-9ec1-1a7c8e172d3c,2017-12-30 07:48:17,56.09,1254734,1301
959fd3f1-e3cd-4b76-9f12-ec92f3d78336,2017-12-26 02:57:48,27.58,1254673,1330
c10fe3c3-a35c-4674-bf7f-a8a99394dcf0,2018-10-21 11:47:23,58.20,1254772,1286
6acf7ac4-2a2a-4857-a8dd-23853fc00535,2017-02-12 06:03:10,34.34,1254712,1326
1d277c05-e5a1-4e55-af71-5b4bb6a1db8c,2016-10-31 03:48:53,54.55,1254760,1281
0c2ed88a-9dd9-4fac-8f4d-eb6f5a6675b6,2018-10-17 19:20:14,43.23,1254694,1269
c4aa3356-02f1-4664-9e1c-95481b1160d3,2017-08-13 03:42:22,34.32,1254713,1354
40ac0dfc-89e1-4147-ac88-10a41821538e,2018-01-01 04:52:42,10.32,1254673,1357
cf2fca29-ed46-4cb9-bdf4-33fb355fcde5,2016-02-01 16:39:37,11.71,,1306
e3187a66-e6d7-4f52-9cd3-bb8f9c2c1314,2017-11-19 07:31:19,39.18,1254724,1324
0212a6fd-79b2-401a-8869-71a09fef3f54,2017-09-28 00:40:11,67.69,,1291
49c39098-a6e7-4051-a948-dfc03f87393b,2017-11-24 16:03:55,28.65,,1299
c50af208-d831-415d-942b-6c33aa92b465,2016-12-06 14:51:51,70.60,1254760,1362
b9d4a0cb-0593-4349-8771-90823ef7cf58,2018-11-11 12:59:50,26.13,1254757,1265
d38a5ca2-1602-4935-9d17-6c17a9379bcf,2018-04-27 04:28:04,73.98,1254783,1262
627ddb0b-b8d1-4349-bec6-b3f1f9645952,2018-02-12 22:32:15,37.83,1254768,1316
a7a73781-6aa9-4695-8995-996250cd09ea,2016-04-26 17:20:46,40.12,1254670,1265
f343b7e3-81a2-4c32-9735-ee46caa4933e,2018-04-29 13:02:11,28.62,1254668,1314
d00d5356-99b1-4e92-b810-316bcb585a3a,2018-07-27 17:22:14,28.76,,1335
6b566388-7e2c-4a22-a649-215e6d0a6334,2016-03-21 05:07:29,22.96,1254665,1337
fe9c5b89-9600-4eb6-9769-c19a2e30d800,2016-02-25 06:22:42,48.51,1254752,1327
4c11f835-e4b3-45e0-8e9b-aaa7b19d6503,2018-06-07 10:32:06,20.74,1254684,1334
64713def-d7da-4b96-bfff-2203cdc0e96e,2016-07-20 22:08:46,37.94,,1310
52ec45d6-7151-4485-8b07-43437d0d590f,2016-03-25 05:20:56,10.16,,1357
cd584c93-5c83-4533-922e-26ad3bd5e649,2018-07-11 16:28:51,13.32,1254750,1264
3d16a838-03da-4999-809e-f000ab52497c,2016-12-02 04:28:35,50.17,1254664,1317
c6dd5aff-c355-4513-8305-99967cb969a0,2016-08-25 12:11:38,72.98,1254766,1278
9f354b07-1625-4d67-b4a5-6be752a98511,2017-10-21 22:09:28,22.87,,1331
a3a03540-2ff7-4de1-8bd0-5692637f6204,2017-11-30 14:34:19,25.74,1254743,1357
169206e7-f7e2-41a1-81bc-c124b2b010b8,2017-06-05 21:52:38,54.98,1254682,1286
a078e74a-f278-4a5d-8a30-f7483286fd07,2017-03-05 18:09:42,11.05,1254734,1321
a80dfde7-3e01-49f5-a03c-59c0460df42b,2017-01-26 08:45:22,46.59,1254723,1285
1bc8b500-5f58-47bb-9ac3-fcf1d9d38955,2016-04-25 06:42:05,56.48,,1296
51e53aba-0562-47ee-a45d-d70871452185,2018-07-27 01:02:45,57.79,1254755,1362
2b5c2715-067f-4897-9dbe-2c084c59d6e2,2018-02-28 17:14:29,41.10,,1298
cf5317a1-b0d6-44a0-9ac3-3b7da5d198cf,2017-11-17 19:17:17,13.91,,1327
4ef44aeb-ae7d-42a5-8bbb-aae00ea3cf76,2016-01-09 02:50:36,64.36,1254766,1332
05e0623e-22a3-4a6a-a0ca-fdffdf6f060e,2018-03-17 03:38:46,59.43,,1323
5fd43146-807d-4422-81ea-bc7bbce99653,2017-05-24 18:00:40,58.66,,1270
795caa60-7b1f-462e-9a09-7840223cdf3e,2017-04-25 02:34:24,58.39,1254730,1290
c46f2b0c-e755-445a-8abc-06c3bad2dac2,2016-10-08 10:52:35,55.85,,1362
ea200ed4-79aa-4e63-80c2-1469921bb7a9,2018-11-02 14:55:41,64.45,,1311
00208fe2-cd7f-4eda-94b9-d1476a5d0aeb,2018-04-21 03:19:30,48.97,,1361
7a182f66-382d-402c-8178-ec044bfcb3cf,2016-02-22 15:38:56,61.29,,1335
eccdbdc8-a31f-4136-b606-381c6087e145,2016-04-19 11:33:21,32.36,1254769,1337
0eaaaab7-2166-401e-90ba-23a779fa6432,2016-04-23 14:54:53,11.88,1254781,1300
8dedc6c4-e402-40d8-95b0-6136b08d0d95,2018-08-31 01:56:37,39.94,1254787,1317
af26e7b5-0853-4525-90db-5cc5b67489a6,2016-02-03 04:18:21,28.32,1254772,1263
0f2ce5e8-4da3-4d63-be7f-4891f15d5c74,2018-09-28 06:48:28,26.11,1254714,1339
7548124a-c629-4688-9738-fdb059857fb7,2018-02-18 17:39:25,42.30,1254729,1316
b2ed9ec3-6522-4599-ac33-776c8cab4a94,2017-04-08 13:38:04,45.40,1254751,1259
893f6b80-c750-4e70-a0be-51a770bc852a,2018-02-16 03:07:41,47.98,1254731,1318
a4967a7c-149f-4ee6-817e-3b7cdba81dc1,2018-03-19 15:23:35,31.92,1254670,1317
669447f8-fa0e-4a31-b048-5ed7f50ef9a4,2017-12-02 14:43:30,70.59,1254770,1325
a76fa7ac-6ce6-4406-9c80-c13c878e4dd8,2017-12-17 18:22:13,64.58,1254773,1362
67981f02-918a-4ba7-823d-ed86f3e856ee,2018-01-02 20:23:29,31.51,1254766,1359
753a56c9-5ae5-4b58-8d49-8e4249a627a3,2017-03-14 12:53:59,27.49,1254701,1310
34a3f395-893e-4561-9999-22f49785ddc1,2016-11-11 11:12:54,11.27,1254723,1309
01af6ef5-4615-45ee-8749-989b0b438d4e,2016-04-19 12:25:37,58.03,1254664,1315
49f16d86-96e2-4cc9-8d5f-d9a9fae3e548,2017-01-11 14:34:37,65.72,1254729,1337
cbce114b-3ed6-43e5-a732-6536e0939950,2016-12-30 02:58:55,64.36,,1343
b444c7bc-61c1-4c6f-9806-739025635766,2017-07-12 09:15:30,31.77,,1307
5af0a649-1116-4c69-aed2-d674fe430f01,2017-06-08 15:50:52,31.82,1254667,1303
acd7cb4c-f062-4270-b97c-8aac6838c6ae,2016-12-02 02:10:07,73.43,,1280
49225f86-b7ed-4f81-b1cc-a09046fca6f9,2016-01-08 06:44:12,25.22,,1299
5bf22263-6dcd-47d5-a970-2ea9da9f7dc8,2018-11-15 15:36:49,10.24,1254694,1356
16733113-b2bd-4f52-8a5f-8ab3e59ba70b,2016-07-18 13:19:36,46.07,1254684,1348
56f99b7b-0111-4123-8f3c-e0e0c800f04e,2016-10-08 05:43:22,34.68,1254713,1279
eb3ebffb-81bf-4da8-8014-e13a890575f1,2018-07-16 15:06:44,23.92,,1286
b0533da3-b326-4d82-9b04-8228c0449027,2018-04-05 20:04:04,19.98,1254757,1273
cadc4739-b386-4821-9fe9-0a435303f45b,2017-06-18 03:49:58,10.86,,1300
7b2074f5-89fd-477c-81ab-d70a420aa88e,2018-01-21 01:47:29,14.73,1254786,1313
499806f0-6a69-413d-b7b9-b2f434c4aaa7,2017-11-20 12:25:52,20.51,,1357
2e6bd04d-744c-4b20-85a8-b00eccb8bb96,2018-05-06 23:45:35,12.03,1254779,1259
0fb9d3b8-8ab4-4cca-8f64-51a7497e4ec7,2017-09-20 21:13:36,62.46,1254768,1303
c98db6c9-0e8a-4555-bbbb-fdefca49aa72,2017-07-06 11:24:15,35.75,1254719,1296
db76475b-488d-4504-a564-789c0aae7580,2018-05-11 10:19:33,56.62,,1347
0eeb690d-6507-4925-8708-f145eaaf6938,2018-08-16 14:02:39,63.72,1254781,1327
628f5cc4-5ff9-4489-a91f-440716648f6f,2017-04-20 23:31:44,32.50,1254679,1362
7285b3d2-b3b6-48c4-93f4-139b05c4f402,2016-10-23 20:02:47,45.13,1254739,1272
b9f1b0fc-875e-4f77-b0c6-66efa4801b21,2018-11-15 03:58:49,51.32,,1326
b3091b14-5eae-48a4-837c-6bad4e2f6ddd,2017-09-27 21:29:23,10.98,1254756,1354
ffa2b1f0-5b3f-4091-bba1-aaeec1ae2565,2018-09-08 06:18:17,66.09,,1261
c21a28e5-3301-4fc9-bbe4-d4fac389e6cf,2017-10-15 10:51:50,71.00,,1319
ac5a0764-91c5-4c1d-893b-4d01b1e9a70c,2017-08-05 08:23:12,21.19,1254704,1305
eea7dfad-1f4d-4489-9eb4-d80afb0b5a15,2016-12-02 16:35:16,46.79,,1314
c9444ce7-0f64-4189-b62f-c9e9cd553cd8,2017-10-07 13:04:30,24.76,,1343
2e94bdbf-5d3e-4306-8064-e083c0cb740c,2017-10-10 17:32:43,47.34,1254759,1321
edd5b49e-67c0-467e-877c-2f377b321cb1,2017-08-09 19:50:46,60.83,1254692,1355
2107e915-a0d7-476f-be38-84d7490b0126,2017-04-26 22:23:51,53.57,,1298
3402093f-0898-4161-b43c-80a545612e2e,2018-06-09 20:49:14,36.83,1254783,1301
36b167e9-7f19-4451-90a8-c67221bbb246,2018-08-17 13:51:02,31.10,1254766,1350
67a55701-8c2f-4068-91e1-8ce9de90dda0,2017-05-19 23:24:46,65.20,1254734,1320
bf077b5e-a459-4408-af41-61b0b729c0e9,2018-04-11 15:07:14,42.05,,1323
5aa8d6f7-97b5-4a9d-90cd-2fbb59f00262,2017-01-25 11:18:06,60.64,1254712,1352
144e6363-a1c3-4363-a359-2061fbd35ed0,2017-01-14 15:59:08,66.47,1254766,1337
ac247584-9c37-4acf-aef0-a6740a378ce4,2018-03-02 23:16:47,59.53,1254787,1260
63938d1c-0218-4b70-a6b0-01186fc3842d,2017-08-25 22:22:07,20.73,1254770,1290
c18c675e-4a99-4158-a4b9-ebf39691677d,2016-12-31 19:47:51,20.18,,1319
2bf7d9c1-c7dc-4f59-a722-c6ec2b5095e4,2016-05-05 12:23:23,10.27,,1311
dc175b9c-c213-432e-9bf5-24159330178a,2016-12-03 16:39:27,32.59,1254675,1324
57970259-c203-47cf-b131-728a0183338b,2017-07-15 06:30:08,40.87,,1328
b23b2fb7-2a79-4342-add1-61293f79c1a2,2017-07-31 20:12:17,71.79,1254684,1310
02854d67-3c2c-4bf2-86e1-17887f5cfcd0,2017-11-23 01:14:49,26.84,1254716,1305
e3b1bb5d-ca89-4165-8d37-8538d98a72b2,2018-10-25 01:30:38,18.63,,1269
668668c8-cee7-4b4d-8cc6-6b86488bb3d2,2016-02-18 00:41:33,60.48,1254688,1356
741991e0-232d-47c4-ac08-e8d0a50324e0,2016-12-01 00:18:44,53.27,1254775,1347
7c5c8395-770e-4db7-8222-66ee3fb48ea2,2018-01-10 13:37:16,68.89,1254757,1363
78ce2688-3a77-4cf8-93d6-3d86992ec575,2018-02-17 11:51:05,55.47,,1328
4fe9186a-f136-4dc9-8ba6-ca7b08258155,2017-11-01 14:44:18,31.53,1254786,1347
3e49a609-b050-4c63-80b3-37104c265f8a,2017-10-01 22:46:24,52.14,1254686,1354
ae519f10-8053-4836-a033-e34a37da397d,2018-10-23 09:26:14,16.95,1254713,1319
53de8e60-0dd0-426d-8a8f-ad9fd85ede0b,2018-10-02 01:54:40,16.61,1254766,1363
74a7f9a5-193f-413b-8679-ecffb23abe68,2018-04-11 19:55:19,74.06,1254665,1335
fdadbbc5-9257-4e53-a678-54679c302ae7,2017-07-09 10:35:12,72.71,1254752,1284
85bdfb2c-13b1-4f57-a6f2-1386df3c1be0,2017-10-05 13:06:11,24.70,,1295
a8689bbf-4223-49fc-915a-7776879e1f3c,2018-08-26 23:15:39,28.23,1254710,1349
ec16348b-4d7f-4dc6-9355-a83f4a86a729,2018-03-29 11:06:27,39.96,1254745,1337
2d719d53-618d-40ff-8375-c497aa6a6589,2016-04-22 14:57:25,11.83,1254677,1311
889d76bf-e80f-4f25-ab51-6bc2eee3f23d,2018-05-16 07:32:55,36.99,,1315
af6278f2-b7d1-4e6a-82f8-e2cb2b7a4d6e,2017-10-02 08:19:35,66.63,1254684,1262
d63b013c-3e51-456e-b805-b08762256e97,2018-04-28 04:04:13,60.12,1254755,1318
6e557295-332c-4a4f-b4aa-d6e208b72b0b,2017-12-20 16:04:44,73.52,1254695,1274
4372baf8-bd1c-4264-b886-4876db6159b6,2016-07-09 20:27:44,24.98,,1332
5f9e9197-2a41-4a59-89eb-2e601615eba1,2016-06-28 21:48:27,43.06,1254773,1289
80f93d88-5828-48b2-986e-65c64d9a46d0,2017-05-21 22:13:18,21.04,,1346
48d3a1c6-4e34-400e-9f3b-ff0a9d65dd13,2018-04-15 02:08:23,52.01,1254688,1308
d3d2acb4-1bfd-4594-836e-b341987ba694,2016-01-19 20:27:36,17.69,,1261
968a8fea-0467-430e-ac2b-ea8eccbfd363,2018-07-19 01:45:25,27.11,,1268
b09fae87-2928-49e5-99dc-c995f9c603d2,2016-10-01 11:50:48,28.30,1254683,1270
748504f1-9204-42c4-b57d-48bacd36bcfe,2016-05-05 14:51:22,59.11,1254681,1341
1f4a2f19-11bd-4502-828e-5b81bfac4bee,2017-08-14 21:54:53,65.91,1254770,1344
5a0918f1-10a6-4230-8484-af2010516386,2016-12-22 03:44:18,54.32,,1285
1d001514-02e9-4a05-8fb4-35e1d92ab9b4,2016-05-01 18:53:11,53.02,,1334
14abb69c-a94d-4a61-a354-92762422ea8a,2017-08-12 15:44:35,37.67,1254703,1318
613535c0-a5f7-46cf-b612-99b720c4df12,2017-09-02 14:47:09,13.98,1254693,1300
9479f2f9-bc19-488c-a7aa-f7db80c2bb18,2017-08-21 14:41:36,72.10,,1355
e358a7a5-ff33-43b5-9aca-dc88d8226fe8,2016-10-20 15:12:36,23.49,1254690,1337
716dd2d8-6745-4bf2-b77d-34788f6b5c78,2018-03-31 08:04:28,17.75,1254783,1331
71057b7c-5093-4355-8377-a62fa6709303,2018-09-26 19:48:08,46.26,,1360
877cc82c-d7df-42f5-9742-5e172dd905b5,2016-10-10 04:55:47,59.28,1254756,1310
b34ce7ea-4ec6-4a75-8ab3-5ffa1128f3f8,2016-10-10 19:37:03,15.35,1254728,1288
56eae6a8-311a-456e-99fb-d37e5a5f79a2,2017-09-12 02:19:31,54.81,,1357
568597e6-1730-4451-8000-7594b6b6c05a,2016-04-27 09:39:34,14.41,,1359
92de3855-e4d3-4592-8876-8bbd2bafa3a8,2018-03-23 17:36:17,67.50,1254700,1281
e6c6f483-0f27-47c8-8f17-c7272666071e,2017-05-16 09:07:05,39.72,1254693,1286
9f7d329f-9d64-41b3-abca-c217b5e1474a,2016-11-23 00:02:17,39.92,1254687,1362
d1341bf8-64e2-423d-b9ce-8a22036bdc59,2016-03-15 20:39:20,73.42,,1354
dfea8a1c-7c64-4027-b648-dc440c63d643,2018-09-30 12:14:39,52.80,,1347
5d044171-52dc-43ca-b57b-fc369207a367,2018-06-01 14:27:56,59.65,1254705,1295
5f63a0c7-acd6-4457-85c8-f1a54dd91d04,2017-11-23 00:39:35,41.97,,1263
5841cd20-aff7-43ad-a425-ed13b31f0f2e,2018-08-31 10:27:07,52.80,,1279
5e1647f0-d2a4-49a2-b4f0-b4fbb78baa06,2016-12-26 11:08:20,35.64,1254701,1295
f519d1da-5942-4804-9572-6112c6b6fcb3,2018-09-02 18:38:50,59.78,,1331
bf7f7684-5e2f-439e-969a-378163a8fada,2017-12-04 03:28:02,61.99,1254743,1278
32ebb6d5-b3c8-486e-9860-ea3b7d49f7e3,2016-06-25 05:32:58,45.41,,1314
53be1382-8936-492f-b968-937d2fba9c78,2017-10-20 13:52:04,18.03,,1335
df67d1cf-0381-4a14-a9e6-b7fcb5d209e8,2016-12-01 08:50:37,68.07,1254677,1351
dc4394d8-c38c-4dab-9913-26253bf82ed9,2018-08-06 20:04:19,50.20,,1284
6608cb2d-74de-44af-b406-e88f6cf11598,2017-04-11 10:18:52,64.79,,1295
2ff1513e-4309-4482-b0a1-dc9968a81b7c,2018-03-17 20:17:52,47.40,,1298
c3aa2730-4342-464b-bd33-205d306dfa00,2016-09-02 08:42:33,73.51,1254769,1313
69be805c-518e-4a69-9b01-3f9c705b6bb6,2018-09-06 05:02:33,45.99,1254749,1304
dc6353ea-e9a8-46d0-b48c-9874698ddda4,2018-10-03 19:05:48,14.96,1254724,1326
2d01f3cb-d1e3-4e39-97ff-dc8c39c8ba46,2016-05-06 07:16:03,57.49,1254716,1296
d7403365-7160-4ec7-ab70-ea2430d2e949,2018-03-18 12:37:09,30.15,,1263
f1d9a00d-0b08-427c-9cb8-6433fdcb9ab6,2016-07-10 14:05:54,25.26,1254738,1260
588360fb-8dc5-494b-a6a6-85f4234a52c9,2017-12-16 04:18:29,39.35,,1292
3f378bd7-29fe-4c59-8409-197419a1e545,2017-04-15 11:56:37,49.42,1254726,1273
88ac1816-fb17-4748-9e4e-324ec6cc5f9b,2017-08-06 03:44:55,65.43,1254739,1350
cd15a2b6-a685-4b85-a055-e8761ad2c336,2016-01-20 00:17:52,33.78,,1284
3d9bd3bd-73db-4882-8d03-b68975bdb5bb,2017-05-27 12:56:55,20.37,1254748,1320
81b06e7b-2cbe-4569-959a-ede54bcca4af,2016-02-28 14:52:46,74.48,,1320
1aa6fb2c-2744-41eb-b3a3-62f0f44e99ff,2016-08-17 04:50:34,20.06,1254664,1307
d3fe15ca-ecd9-4345-89c7-058263a187e0,2017-12-02 22:15:14,61.32,1254694,1347
85e24e1e-6759-4e74-9e15-88f182bb1212,2018-09-09 12:59:44,43.75,1254757,1358
196ad86d-774f-4bf8-891c-d10c51fa1afd,2016-10-15 20:20:09,22.11,,1285
e6d5f72e-77d4-44e9-b986-9834c0344bcf,2017-06-24 05:00:05,20.44,1254724,1324
5ac4eb58-4f58-42ee-bb2c-0e2328d37dcb,2018-11-16 19:49:48,63.55,,1308
db8b1410-70f7-4a18-b8cd-60d0932ca4d9,2017-11-19 17:30:37,13.63,1254775,1335
f0d8859b-a38b-491c-b1a8-0b5ab0cedc55,2016-11-10 13:56:58,60.99,,1306
88a4baac-64e2-4db2-9906-fb19fd5272d9,2016-06-24 12:07:51,10.92,1254764,1323
60d71748-c0a4-4026-b082-df966188ea90,2017-08-12 19:17:41,65.58,,1321
1b5aded6-31b6-40db-abea-edc92b7d1157,2017-10-18 14:56:20,10.87,1254759,1275
ab7933a6-6002-4584-b202-9b63f41a5508,2018-04-19 10:40:08,49.02,1254695,1260
6ed2d432-a50b-4d06-97af-7ca329e220a4,2017-12-13 12:59:02,73.61,,1356
08bb2fb3-3eb4-42f5-b58c-f31fa738bca4,2018-09-05 15:54:14,27.92,1254688,1347
2a578596-f2db-4d97-8a96-7de934efa2fc,2016-12-21 10:53:58,54.90,1254745,1319
efddccf0-94bb-445e-a495-93af4c3bbb46,2018-09-16 17:19:46,67.86,,1336
80e2c347-bec2-46d0-86e5-82a408dd655c,2016-06-20 04:50:06,34.41,1254763,1356
ba690b99-5fd7-49f1-9989-962971c1d1ce,2016-04-06 23:43:27,37.28,,1302
683b3612-afb9-444e-a747-2e36bacf3ac3,2016-06-06 12:58:03,29.73,,1265
bc29da63-c648-4af2-b467-114f2343351d,2018-01-26 22:08:30,70.74,1254704,1361
cd72d742-1047-4fb6-8701-2f2a04fbf48e,2017-12-30 15:58:17,42.39,1254699,1303
55bb255f-3387-4455-ac6c-9fb50315583d,2017-07-14 13:30:21,18.17,1254671,1260
f9b84980-fb20-47d3-baac-a309aeefd4ca,2017-07-17 02:14:16,17.00,1254713,1304
6b0d7ccd-bcb3-4945-9d87-381c462a25bd,2017-07-21 14:57:24,10.10,,1299
df71d6b8-17ec-40f2-a2ef-c369761a5d9b,2018-08-21 11:30:01,63.35,,1361
d13792ed-f2a7-45b2-abcf-c6fc31c25363,2016-07-10 22:11:35,52.10,1254772,1276
a2b8429b-0a6e-4fab-8b15-2d1a86c4e1d9,2017-12-03 03:42:43,58.94,,1336
92ee5ecf-251c-4305-a735-d9d48b48d6a2,2016-12-11 20:50:09,34.02,1254731,1306
74630b56-be78-4fd3-abff-820b42009d28,2016-05-10 23:44:24,53.46,1254742,1260
f3aac6be-1307-4b0f-a266-03105bf69847,2017-06-19 15:15:39,40.50,1254705,1292
1c63e02d-974d-4531-9f12-fdfa585c96fb,2017-04-20 13:03:22,42.32,,1351
a73a00dc-1469-4992-a8e0-a44edb0983c1,2018-01-01 04:35:29,50.99,1254734,1287
4641d694-72da-4cc5-994a-39fdbd4f9378,2016-08-29 21:13:50,12.73,,1331
06c0f417-160b-438e-9b91-75653fc0e6a6,2018-10-20 14:45:06,58.34,1254712,1347
0dc5f0a6-9703-46e5-8bfb-b99b9e0f74eb,2016-10-18 19:28:54,70.51,,1345
0b9b28f2-4968-43a3-9c66-c414d37a67e2,2017-04-03 13:18:25,69.29,,1272
148495e0-cfe8-4d36-b7ef-ebd3971fef50,2016-07-27 20:57:59,68.51,,1352
2bf180c0-d8be-4c6b-a9bd-2e792eb8eea6,2017-09-20 11:45:50,53.98,,1357
6fee728f-03d1-41a1-acd9-6c548139f627,2016-01-05 12:18:00,60.09,1254750,1359
a0227b96-41e4-481f-8fd0-730c764c3b93,2018-02-19 22:19:51,16.29,1254733,1358
3b93ef8b-b9ce-44f0-a3bf-d964851a5ae8,2018-02-13 01:58:33,28.12,,1302
17e931dd-ed0a-4640-b85c-e9d48c5ddeb8,2016-10-26 16:17:04,19.47,1254758,1337
1f3be17d-1d6e-4cc2-bdbc-960e76dd0b5b,2017-03-20 03:36:30,65.08,1254772,1279
b431dc64-8075-4311-8db3-b437804d58f7,2017-09-03 16:39:31,12.63,,1356
d6c55d03-e3d7-41f1-bfbb-3e5f32c97334,2017-03-26 19:54:37,54.78,,1289
1c73f2fb-1fcb-4a31-9fee-3ead1b785fc5,2017-09-26 06:17:49,28.14,1254702,1361
dc76eab7-257a-4287-940d-d6a2b6c4ce65,2018-09-12 16:30:30,40.42,,1304
c002350d-665f-48e7-9dc6-b3b7f259de71,2016-01-31 02:27:30,28.95,,1266
5b480897-9fb7-4517-bc7c-38fb3aaa7561,2016-04-22 07:58:57,42.02,1254685,1279
4bb6faaa-036a-4a90-bd63-cef7103136c4,2018-06-17 08:05:22,37.42,,1346
60b4fffa-98e6-4b36-947a-ccdecacea6aa,2018-05-15 22:10:58,17.28,,1343
a1151696-2b5e-457d-969c-e27c36649c0c,2018-06-25 13:19:14,70.68,1254764,1270
ec653b40-4697-4e31-894b-65393db64396,2018-01-17 05:59:24,60.19,1254745,1282
dd2d0f32-2e36-4bd2-9c45-51135cbc5b34,2018-05-13 21:45:18,71.80,,1269
b6531ec2-2cbc-41b8-bed2-7303227699c2,2018-01-02 13:44:59,65.63,1254671,1342
4217cd7e-d06b-4098-a0b7-132d8058a0b4,2016-04-14 18:32:03,19.23,1254756,1313
e402827f-df70-4fdd-8d14-dba8c82a6495,2016-02-03 03:35:48,50.45,,1321
fba73467-df0b-40b1-8cb2-6d29ed3fb046,2018-04-25 23:55:11,15.65,1254705,1294
5dba255b-53d2-4869-8a1d-b75efccd5ef6,2018-06-17 18:34:23,23.52,,1330
eea8b312-d31f-4555-8b00-f5c1d44a851b,2018-02-16 20:06:58,37.10,1254716,1362
a09445a4-f4da-44b6-b032-770c730dd006,2017-03-21 08:32:28,67.57,1254669,1297
3c849ced-8248-4b26-97a7-1e11a439e319,2016-07-16 04:31:34,55.30,,1323
0bc72316-8d08-4e3f-9453-8ca09b375ff8,2018-03-14 13:37:45,73.66,1254764,1318
3ffa7c7f-4594-44d9-88db-0831974b729e,2017-07-20 09:22:59,23.84,1254716,1363
7ef9e228-ec97-41f9-9610-55e9a1c0f5d2,2016-09-06 22:54:56,32.26,1254769,1341
00e80d26-75e0-442b-a7fc-88a5d823a400,2016-03-20 23:49:57,46.03,1254748,1293
03fb425a-288e-4578-a968-e47bed0f91d6,2016-03-13 11:05:58,71.86,,1355
1b0eba33-2c39-4426-9b42-f243624331d9,2018-11-27 05:16:42,69.09,,1308
e6ef3343-89a3-4530-ab14-c38075ade0ff,2017-09-29 15:49:32,22.01,1254729,1290
de9b51c6-7feb-49e0-9a6a-69c37c0cc370,2018-02-07 08:03:40,58.90,,1289
b289d031-c1d3-44ed-a1da-3fed4e03494f,2017-02-16 09:58:38,42.24,,1276
e0ef6c6e-aada-4503-bad4-e2c1e2aeadaa,2018-10-06 04:27:51,45.07,,1355
e0b0129a-7c5b-44ca-af7b-0e517a9b73a2,2017-08-24 07:33:30,57.24,1254683,1314
405e0f26-e40b-41ff-b704-eef1eea79657,2017-07-13 20:36:31,39.55,,1350
20012ffd-49f3-4c84-b429-42bbcc14dce1,2016-01-17 23:25:58,23.77,1254679,1330
61c6f939-817e-4391-8bf9-eb28ed240611,2017-08-20 01:55:36,30.99,1254682,1340
7d8d4ed4-039e-4049-9fbe-a249dbb0f7c3,2018-05-01 17:51:29,18.46,,1345
9f869242-b3fc-49f4-bb44-915f10d47130,2018-10-03 20:25:55,51.89,1254735,1356
48346e44-bf4c-49a4-820a-2a72f7d42f0a,2018-01-12 19:47:29,46.36,,1328
bf20c819-757f-4ef1-b1d5-ab442e95f804,2016-06-26 13:04:52,38.35,,1327
2ab66278-0021-4b0e-b309-9b4138d9174d,2017-02-07 13:49:21,39.11,1254748,1319
103be738-cffb-49c7-96a8-4921993eaa95,2018-10-05 04:11:07,74.68,1254677,1291
497f036e-fa72-456a-b69e-bc71ff8885d7,2016-10-13 15:26:39,37.54,,1360
8df44ae3-22e1-4425-a379-5afba8509d76,2018-01-02 08:11:29,45.28,1254775,1317
01e02b44-8f0d-40b9-9343-939689e0e086,2017-07-11 14:26:10,20.63,1254703,1269
a162dc7b-5b3d-4ae5-ba1a-01035ac2bc30,2018-09-15 01:35:53,74.44,1254755,1280
287aae25-dce1-4bc8-b7ff-391b88a99b98,2018-10-20 17:33:34,50.08,,1262
b7b89458-a535-47f9-8a2b-df7bf79d5510,2016-09-20 15:42:32,59.49,,1351
82d23d07-5caa-46c7-8c19-a5f1fd9dcc6e,2016-11-11 05:38:59,66.74,,1320
adf8162f-0c79-4ed6-b70e-aa5f28e0ba2a,2018-06-04 05:01:54,23.97,1254730,1272
c08da2b7-af8c-4f12-90ce-af9daefad607,2017-01-21 11:16:01,70.35,,1296
8a8ebce2-a98e-4588-be79-996d5be11229,2016-10-12 04:11:09,74.94,,1298
4355b76d-15c7-4350-8f4f-17f92660f383,2018-01-01 11:29:45,32.06,,1274
1322557d-a22d-480c-8a05-d53be0cd37bb,2017-02-16 21:23:33,31.97,,1362
f7544be5-7aca-426c-bb50-60400b65379b,2016-02-17 05:11:25,23.44,1254784,1288
21ff1f08-b3aa-414d-b2be-cffedb1f8d11,2018-11-13 22:28:57,41.66,1254688,1357
1f1f7279-43c3-4909-afc4-e586e26f84ed,2016-01-21 11:12:03,59.49,1254688,1263
92871831-3bba-41b9-9657-27f1d5cf4dc8,2018-04-25 17:37:41,50.58,1254767,1266
3c29e897-f1ca-42a8-9b89-cafefe22dc99,2016-04-22 17:16:45,40.77,1254684,1288
e6286994-2413-41a3-b16f-4a13163f8d7f,2018-10-27 15:49:04,33.12,1254713,1343
fbac9cde-c5bc-4486-90d1-0dc010d3a245,2018-01-03 14:33:22,17.63,1254724,1261
f78fee8a-ee9a-43b3-986c-91d3c6cfe2eb,2017-04-15 10:30:26,18.76,,1302
b5f778eb-fe75-4d3a-a87d-5e2b65b138ec,2018-08-05 19:20:35,46.76,1254689,1301
f2e80836-26df-4098-863e-4b23404fc8da,2016-07-25 02:59:57,64.38,,1288
3c6fe742-f711-40b3-80b6-f5b71110ebab,2018-04-19 05:05:34,31.64,1254722,1346
753f9be5-2b2e-4b2b-a365-373f3d498f05,2016-03-04 07:39:29,38.86,,1342
34d9a32f-bbaa-4c46-b378-7e17124d12f0,2016-05-06 20:42:53,70.12,,1304
09edd98a-78e7-4246-a2d3-c415358eac36,2017-09-13 14:03:38,56.53,1254786,1280
67305331-658f-4480-b365-8e0dc018baf1,2016-01-01 02:08:56,29.44,,1351
fefd6238-f0f3-4035-a71c-c95987806fc2,2018-02-04 13:56:11,25.01,1254773,1330
08a81832-d857-4435-a242-f143972779de,2018-05-15 01:12:49,13.26,,1259
5b340d8c-a259-47df-a796-b1df14949063,2017-04-20 20:05:43,20.81,,1282
81badf02-5028-4084-9b87-7eb1fca79c4a,2016-12-18 12:44:33,33.99,,1314
fad77779-20f3-4470-9e55-39fbb6aac3e9,2016-11-11 20:13:41,39.85,1254773,1273
bc3925c6-a193-435f-8228-7b8355b2e797,2016-07-23 07:50:05,26.68,1254712,1351
402c2728-a400-4e40-9485-d7fca1f5cbfe,2016-12-25 14:15:55,69.51,,1325
dfc71569-2a73-46cc-b7bb-ff83e470bece,2016-10-21 09:17:45,43.38,,1324
4aa4b3b3-625e-45cf-9a7b-4f582ea3d22f,2018-08-12 13:51:37,49.42,,1358
895b1ee4-336b-4691-a83f-5d24982bc35f,2016-09-26 14:40:14,10.16,1254731,1336
6c8ef0ae-9252-43b8-93ce-b9c9dbc19b24,2017-11-09 10:02:48,54.42,1254679,1319
e1cab76b-50ec-4615-a730-0e272dc06fe5,2018-05-30 06:25:57,70.11,1254694,1266
452d9a78-a4e3-402b-92af-9a557215173f,2018-08-17 11:15:16,16.48,,1337
e2f47737-8c06-4093-b0e6-c7cf92f2e282,2017-01-01 04:03:04,63.80,1254701,1361
5e955eec-3dde-4652-889d-236ffe1302de,2016-01-24 14:19:54,23.47,1254769,1304
26cae1ae-6cc2-4cf3-9c5b-bdf8d0acf341,2017-04-11 22:15:09,28.82,,1332
1ad2c145-64d4-4ebb-8b0b-0ebfd135807e,2018-07-17 19:37:55,71.54,1254716,1291
312cf2ef-88a5-4d3e-833b-2a9641dd9b5c,2016-12-29 09:10:22,73.23,,1335
5f551e5d-e475-4831-8de7-7af75ba288b9,2018-10-27 00:57:09,34.63,1254690,1303
19db0a51-93b9-488b-b6ab-4f7f91c8b8db,2017-09-08 17:40:47,19.31,,1334
2e4c7a01-9fb7-494a-9c6d-bfa95753c7ae,2018-01-27 11:53:44,13.92,,1360
d1ffb570-c75e-470f-bd16-400fbaaef160,2016-06-10 02:05:25,16.64,1254683,1308
240e2598-305b-4472-8ea9-c29975ae3200,2017-05-22 19:08:40,38.06,,1346
fd9137ea-f38a-4e05-a583-2ac10ca4277f,2018-06-22 10:37:53,42.10,,1343
a7daa8e2-740d-4ec3-b89e-91cb9a9d3b37,2017-03-16 04:21:31,64.21,,1261
9a2b10be-00b9-46f9-90ee-73061cf332a7,2017-06-28 12:50:51,67.54,1254690,1287
663b8329-c41e-45ef-9aee-bd5d4657d241,2017-09-03 12:15:32,22.91,,1267
5a4e84e2-0064-4a5f-8efa-0e32a9adb02d,2016-08-04 18:30:42,56.43,1254769,1317
97ffce91-34e5-4366-839b-1b0f6fb1c909,2017-07-08 14:53:51,39.00,1254748,1338
22a40ba7-e1cc-438a-94b2-bb525042cd90,2016-11-21 06:03:44,12.72,1254763,1280
6f5a96fb-2dc6-4d8f-b68f-d0124c83ca59,2017-01-30 10:09:52,39.18,1254723,1341
89ebedbc-ea73-49e9-861b-2c283988926b,2017-09-23 02:54:58,72.80,1254675,1319
d5ada050-cea5-4f08-8333-d79ff427e9d6,2016-02-10 07:36:48,18.15,1254704,1354
67326528-2457-4cd3-a099-0a0e58409e34,2017-03-02 10:06:07,65.13,1254747,1334
bed055d0-d684-428f-8b6c-3525847a3b73,2017-10-24 02:50:09,17.78,,1324
32b0b14f-6c10-4ea6-b5b5-9269bac6e3f5,2017-02-17 12:13:25,33.43,1254749,1336
fedb2cf2-2301-4059-a3b4-bcfab8c16c53,2016-01-01 22:32:50,70.38,1254684,1329
5579000d-aff5-4b21-9292-315da503d36e,2016-05-17 02:28:50,57.39,1254769,1345
ac8e6c57-5a63-491c-ba8e-66b4ddc2cb00,2018-10-13 08:12:58,40.05,1254759,1332
2cb2efef-178f-4c8c-a070-edf731bb8159,2016-10-12 18:43:52,50.29,1254676,1361
f21cb6f5-b669-4ade-92b8-8035b3893398,2018-03-05 18:55:47,28.45,,1258
29a6410e-6a5f-44cd-97e6-a6c59c474cd8,2017-12-01 20:40:05,35.83,,1295
8dce4cd2-f4e2-4872-9a81-8ecd804921f2,2018-04-22 03:41:57,19.35,1254750,1338
468f8528-0a6e-467d-9208-37dd4548cf64,2016-03-27 12:40:00,27.46,,1283
4a372d6b-90e0-448b-929d-9f73109cbfc0,2017-03-21 08:24:03,32.33,1254683,1338
1204137d-a01f-4843-ba84-c388393f876b,2016-01-08 07:08:05,64.57,,1344
153f2372-2480-4d24-81cb-f7e11a0f3356,2018-05-17 07:28:34,35.30,1254676,1264
35233696-62ae-4303-9e8a-4e71ae1abb42,2017-04-06 11:48:42,50.70,1254710,1328
21d63f75-d4a7-4938-b410-4ef3e7c17279,2018-08-13 14:03:16,30.28,1254667,1265
58b0ba66-7e2d-40bb-ba1d-6048f484558c,2016-12-07 08:44:30,11.36,1254734,1356
20544d52-aad7-4314-9424-205fbd0b72d0,2016-05-17 04:59:56,17.64,1254754,1328
e2140b51-b818-4d1c-a1d9-b74657157217,2017-02-12 05:51:48,68.78,1254750,1329
0aa428ad-1831-4865-972f-17f36f1ac8f1,2016-12-12 16:28:51,19.18,1254694,1360
760df285-a009-4b58-9c24-fa082562551a,2018-03-14 03:57:08,44.32,,1318
7f845fd7-6604-401c-bef1-52b5cde1d8fe,2016-04-14 01:03:18,44.26,,1307
ea1bcfb2-1456-4999-9712-3299903f0168,2016-01-23 08:29:53,39.36,,1314
eafff354-e64d-4c43-8a06-fe9ed33481cb,2017-06-06 02:07:56,57.65,1254716,1315
94cab60b-1cfe-47b6-aa69-e949c3ba9b8d,2016-01-24 04:06:13,11.52,1254747,1358
122c0704-2c40-4a6a-a093-0dc57cc43def,2018-09-27 01:14:01,69.82,1254731,1349
b081f159-e3cb-458e-a375-8d3afab3c764,2017-05-10 17:39:20,70.23,1254718,1321
c5cd9c0f-2045-494b-ab51-2dd3afa54c5e,2017-05-21 14:50:06,53.02,1254670,1263
b354981d-0bf1-42cc-866d-0a39e8bd82b1,2017-07-26 04:45:18,34.18,1254750,1360
bb885b74-f9fc-4b01-96bf-96a5b4b37665,2016-12-08 01:05:00,70.46,,1289
3ad60cef-09e5-471a-93ac-3f37ca1d177c,2016-08-12 03:32:08,59.22,1254684,1288
21c619c6-1f80-4bea-a290-2a02868a5354,2018-09-27 17:00:33,69.80,1254775,1266
9a6663dc-531d-420c-9988-a168f2107bf0,2016-11-23 07:12:22,24.92,1254700,1266
a048344a-c726-4fdd-9007-23aabe6e3473,2018-01-11 22:29:03,54.41,1254691,1312
6f4dc009-bf30-447d-bd44-3d3b060055ac,2017-01-24 20:04:33,17.33,,1335
b8ac99b3-a65d-4cf4-bf97-544748a9fae6,2016-05-08 12:06:07,20.95,1254691,1344
d2252d78-19c7-4ebb-bc66-bf096a80f14f,2017-05-30 11:57:43,27.75,,1345
2e7fa685-00d7-426e-ad71-57437ee9d99c,2018-09-02 08:18:32,35.63,1254730,1275
6ca5fdd2-8d69-4aa5-8143-f03495a9de38,2017-04-28 07:10:19,54.09,1254669,1296
6f1ffb0e-9661-43a2-b9e5-b96e0f31dda7,2016-07-24 08:17:00,60.21,,1282
d5a3c2b7-2826-4627-831a-cf75887a5e64,2017-04-17 18:34:42,34.82,1254713,1362
cbb17710-d676-4106-a847-13cbf8a7ec34,2017-05-23 18:22:04,54.90,1254666,1360
1166158c-7c8a-441d-9fd9-dee644dc5c6e,2017-07-08 07:01:20,61.92,1254743,1270
78c40088-1b0f-4c3d-8398-2cb869baf4a1,2017-08-26 02:30:36,68.78,1254705,1317
3a733447-835d-4aa0-9999-905b53ebd8a2,2017-01-06 16:08:29,59.59,,1273
8cc95e6d-eaa9-497c-b12a-aef71cb22362,2016-11-21 23:23:21,38.93,1254694,1286
61669267-508a-4118-8b30-fd4ffaa431a2,2017-03-22 00:48:28,46.16,,1300
9d1688dd-932d-4bff-b3c4-156775e2e02e,2018-11-24 07:11:02,49.39,1254775,1298
e557e35e-4d78-44cf-9eaa-243c0e9b965f,2018-03-18 17:11:52,42.94,1254684,1283
9b170c0b-1bb8-44fa-891d-ab5ce4e40a97,2017-04-19 10:12:58,18.36,1254730,1306
d445a6b4-5148-4970-9783-4816ff3f8d07,2016-07-20 02:56:52,34.43,1254691,1259
45ad14bc-a21c-44ff-8ed2-611291e950d1,2016-03-18 12:55:40,74.14,1254784,1285
aa28ad67-9813-4109-985b-ab877db87924,2017-08-31 21:50:51,39.71,1254755,1349
5f2732f8-9888-4805-91ae-977a5a1f98d3,2018-04-18 21:06:34,13.27,1254695,1364
d0089f99-aeab-4c1e-983e-1d0b4a3fa570,2016-10-10 23:41:15,57.97,1254743,1360
e6cc6f49-e1e5-4255-93f0-1ee377d5851e,2018-06-18 04:14:29,61.78,1254666,1293
e6795065-aa26-481d-a3ad-a886c809bdcf,2016-05-06 09:28:49,23.02,1254712,1337
73411645-fa95-43b9-87ca-78775cfd83b7,2018-11-04 06:25:17,44.55,1254754,1334
b00dda17-0c05-4366-83a9-94d56cec2f3f,2016-07-16 13:04:34,39.78,,1262
1d2a3c6e-34c9-4b2a-adbe-daa66b9339e6,2017-03-30 12:18:05,55.58,1254749,1288
30e95c37-f5ac-481b-ae30-ebe4e95c7678,2018-07-07 12:55:39,26.09,1254738,1330
1109f552-b5db-4bc5-9a05-fe3e02a0d882,2017-09-27 21:09:05,25.09,1254669,1362
376c9396-f1b8-4f12-9a27-2e6b1a8e7d71,2017-02-15 00:54:20,52.30,1254729,1355
51036b6f-2984-4561-ac45-e6906b263e55,2016-08-21 07:48:12,25.14,1254724,1313
bef8c906-84d8-4caa-8510-8dfc75fbab95,2016-03-10 07:46:18,42.64,1254735,1278
ee4a6e8a-f2ff-4cb3-852b-eea46a409520,2018-03-25 16:12:32,72.21,1254724,1315
a6f51560-2af9-4c92-bf6f-58126773f146,2017-06-06 18:18:49,31.17,,1282
da251063-7936-451c-9244-92360ad8f444,2016-04-08 17:31:48,41.08,,1282
1fe74ee2-9212-4f62-a8ce-c61520bc8ab4,2017-11-26 02:19:41,48.20,1254764,1261
1bee89fb-a817-4924-9220-6a82b54fd666,2018-03-03 00:44:23,61.62,1254772,1294
32fc03e7-cca5-4a4a-bbe3-c27400192f3b,2017-06-02 01:01:38,54.64,,1310
e288af81-49ec-4fa1-8e18-f8b7d3cee397,2016-06-10 16:07:34,13.25,1254684,1332
d979c9ce-b9d5-4790-9b5a-bc61b40f4794,2017-01-02 19:02:42,12.97,1254749,1348
4859c17e-d16d-43c6-bf3a-b06962280140,2017-05-05 07:11:07,27.51,1254763,1316
b39047f6-9600-43ce-8143-a79855561bec,2018-02-16 23:40:09,56.81,,1278
71395b8b-b75a-4751-a4cd-c4435759fcf8,2016-08-20 18:45:56,39.44,,1302
be118fb6-6bd6-44a4-b3cc-14b397c7b3bd,2018-01-04 02:10:06,23.31,,1287
441eee3a-ec3d-4ec5-aaeb-31985328dce1,2018-09-12 21:21:41,69.16,1254702,1325
709cf49a-7b2c-4570-a951-572f85000877,2018-08-15 02:54:14,53.17,1254745,1271
7deb25e9-83da-461b-98b5-0727073bbcc8,2016-07-29 10:33:18,56.36,1254672,1334
8cf084eb-682e-440c-9915-234f05fba5a6,2018-05-27 13:33:28,65.56,1254779,1278
019180b9-80ae-4bfa-8727-85742b6f8aaa,2016-01-27 00:32:31,38.46,,1294
c122a53c-ccff-48f8-98c6-9bee372c2fe9,2017-10-26 13:24:56,24.15,,1311
b3e00fbd-b401-4bb1-9c92-3d484cf60fdc,2016-12-31 01:52:11,12.48,1254668,1305
016f9a6d-9ce2-4c2b-b75b-78d36a01a645,2018-11-23 22:42:40,28.10,,1318
507443bf-3d0e-4e4b-8e7b-d7cebe2507ad,2016-07-11 21:56:23,70.83,1254770,1315
fb0d94e5-5b7d-4424-986f-d68180136646,2017-09-14 11:46:14,17.89,,1346
0b6500ca-10e9-453a-9b80-29b051b4fa06,2016-03-01 10:50:39,65.88,,1345
9d426d96-197f-498e-913d-f4dc30125fb4,2016-05-28 02:36:06,53.94,1254749,1348
fec48c8f-9b8a-45e5-a890-fce47d05999e,2018-05-26 14:34:14,41.28,1254670,1266
3bce7d0e-b0dc-47f9-9c2a-28fe8815afb5,2016-08-25 02:43:09,16.41,1254682,1276
7390d055-c79a-4db9-979d-53f040bd66b7,2016-03-27 12:57:46,16.33,1254690,1269
9c3ac293-6eee-46e2-ac9e-ef45cadd369d,2017-04-25 06:02:37,43.37,1254665,1282
62d92283-2a31-4e5b-b377-86767d08521a,2018-05-01 23:13:29,55.64,,1308
bbb48971-c3bb-4dac-8055-86a9d8897886,2016-11-20 21:05:25,71.18,,1288
5dd72dde-aa17-44ca-8a36-8844d1411280,2018-03-15 13:31:59,50.61,1254722,1354
439d1b4f-f074-484b-b543-cfc51c291125,2018-10-30 12:55:21,67.95,,1346
706a404b-d219-4ca2-a57e-9aa6648cf1dd,2018-04-03 15:19:11,59.51,1254676,1293
5cce997f-79f2-40a9-8ee2-134865d69d10,2017-05-04 16:59:12,72.68,,1268
f4607d10-6aa8-489d-bbd7-027185be4047,2018-05-16 15:56:36,29.49,1254749,1333
da999c1e-3df8-4681-84af-b8b6a92f86e3,2018-07-22 07:23:06,19.12,1254710,1275
e8870197-0a33-42dc-85b0-f0f1837407ac,2017-10-26 18:22:58,46.17,1254705,1277
c72a8d73-b798-47c3-a197-b38cee29f186,2017-09-25 10:22:52,39.52,,1336
bbd7dc55-3aa9-46cc-a0fa-8db8ea8fb324,2017-03-28 17:11:05,28.50,1254692,1361
bcb45825-bf67-4242-9fb0-6320d7809616,2018-08-21 04:32:11,65.10,1254702,1281
b4c617ba-d772-4e96-b6bb-a9d2c7f2093e,2018-10-27 22:13:39,71.41,,1298
47efebd9-0a1b-49a5-888a-cd54069a1485,2018-08-01 21:57:57,46.04,1254676,1332
093d53b7-660e-4cb1-91b6-21fe841888dd,2017-03-06 07:36:18,48.55,1254781,1278
228b57c9-05f9-42cc-ac3b-e30481e936b2,2016-10-27 01:14:21,72.79,1254695,1349
42aaed28-58ee-41b2-b174-8240efe7de79,2016-01-05 23:21:37,65.91,1254739,1346
e36a3371-780a-454f-a26a-cc04fa150ef0,2018-11-29 14:57:45,52.96,1254689,1315
67774cc8-944e-419c-993c-bee2f4a1272e,2018-05-05 16:16:53,52.22,,1334
83176f46-bbe9-4b9c-8bd2-6371a2a4abb2,2017-09-26 07:26:05,67.84,1254730,1311
b1a91231-f318-490c-8afd-e340b835841d,2016-08-28 07:33:20,38.15,1254769,1311
d7130926-74ef-4175-9a2c-2221f5527f98,2017-08-12 20:40:13,49.55,,1292
9e679fe9-e1d2-4b55-9141-9d669a3ba205,2016-06-14 01:51:06,21.09,1254704,1292
fa30c8a0-a7d5-49ee-b454-2e86f9ecea8e,2017-11-13 00:41:41,49.30,1254785,1281
92561cb3-13f7-4f62-9990-fa228d493b9c,2016-01-23 11:17:26,65.33,1254689,1258
b1168f30-3189-46e3-8b3a-ca941c18ecb0,2016-01-24 21:09:05,72.51,1254667,1293
29522b71-f346-498f-82e2-f7539014cbfe,2016-01-21 23:17:04,12.06,1254692,1312
89436f5e-333a-4c97-a36a-3b7f7c64024e,2016-09-15 11:36:27,73.65,1254743,1291
c16235c6-0fc8-4077-bd1f-fbf915ee2fc2,2018-03-20 09:01:15,21.83,,1347
bf07a715-da3f-4618-9cdc-6a61e7606fc7,2016-02-02 01:01:24,15.97,1254702,1265
63fdf239-ea23-456d-975e-87572b38b2d1,2018-02-27 23:42:31,49.20,,1360
02f7fd42-abac-4d82-85e9-637aae19669d,2018-02-10 21:18:12,24.90,1254738,1276
79c4e0d6-2d77-45f6-bcd1-03d2d8861dc9,2018-11-22 03:54:14,34.34,1254713,1338
f3afce0d-600d-4314-aeb2-a4095dfaf550,2017-03-05 23:16:17,14.09,,1325
dbe56815-560d-433c-afca-c92e67336cef,2016-05-25 07:53:50,18.57,1254715,1317
b7e21c5b-2d18-48d5-a498-87ae8e5d62ce,2017-05-03 04:49:59,64.14,,1288
33a7f87b-0af3-4794-a28e-0655f13d5651,2017-07-04 23:08:28,58.38,1254707,1343
6d8bc589-6d40-4502-9172-89f617f0f0f3,2018-01-10 01:00:43,62.93,1254710,1281
41d4d5c7-8188-49c8-bd16-bc2e8a8691b3,2016-01-20 07:01:45,15.66,,1295
f23a069c-91b0-4e7f-b5a6-fd1cba1b0c8c,2018-08-03 02:39:31,60.62,,1298
67a022a5-6614-40ba-a8ee-3a8f1748ce01,2016-04-17 10:14:50,28.14,1254673,1303
7dbb7726-4987-407a-9d21-8657d7d73934,2017-09-21 11:03:14,33.67,,1362
04fdd89c-77b3-4618-abd4-39fe09aff643,2016-08-28 07:38:21,42.06,,1358
f68bc10e-fc89-4ed1-b1a9-27f63ccf4129,2017-07-02 06:13:11,50.44,,1262
f90da7a8-9bac-45ee-b168-103eb32608f8,2017-12-05 19:56:50,30.33,,1320
00b90b1a-ffbc-4811-a01f-ef38ab7c366b,2017-07-08 18:02:27,40.57,,1260
f44ab7ea-4e68-466a-b4f3-65334b251d7f,2017-12-19 08:00:54,22.70,1254685,1309
0959142b-eae9-4911-93a8-e199a666bc8d,2018-10-10 01:26:18,48.97,1254675,1274
67e14abb-9b21-4f89-84c2-24749f57ee1a,2017-07-15 02:20:23,13.83,,1268
8c69b4e1-87f8-4bb4-bdf6-b824da33ed6f,2017-10-22 05:19:58,25.33,1254702,1352
27b484ab-ddfb-4dc4-a10d-fab304246537,2018-11-16 15:44:36,23.06,1254751,1339
078ca169-8b88-419e-a4bc-5c70f7eaa856,2018-04-17 07:37:15,58.92,1254691,1303
4035726d-7541-49e1-88f3-38765146a408,2018-07-13 18:50:19,57.43,,1321
a51ef05c-dab2-46b6-b077-f23d7fe0ce93,2018-08-28 10:37:21,41.75,1254686,1336
3d7a9850-e1bc-41cb-9773-044b7ad97391,2016-02-07 12:21:05,35.82,1254748,1279
4b34a5bd-45f8-4c01-82dc-c6b16e9f114a,2018-05-27 05:56:40,60.17,1254769,1346
d2f58fa4-be6b-4fea-a85d-041902998dd6,2018-05-06 21:42:08,25.30,1254702,1315
ec7501e9-8dbf-430e-b192-5e414fa649fc,2016-08-31 18:15:49,66.89,1254664,1337
0641b537-d119-4a10-a52a-dd4f433dc93e,2018-05-24 11:53:10,17.62,,1289
56f7c8ff-c3a1-4e23-9555-026a5f0b9961,2018-01-12 22:59:09,36.48,,1337
31e72c3a-9f01-46c2-8070-5a7a3a9b3009,2018-08-09 17:49:08,36.91,1254715,1362
3b49e534-38db-476f-8ea3-0ca63fb8527c,2018-04-12 04:11:16,32.90,1254687,1361
c968d5cf-dc26-47ff-8a01-a9e79c50fe86,2016-09-08 22:17:54,13.11,,1338
90115b96-ad81-49fe-9c9e-e2a375513182,2016-04-07 07:46:37,15.32,1254750,1270
de89bda8-f993-4746-8fe3-bd5adeda0a71,2017-05-07 14:31:58,44.23,,1322
b77e1ea7-40fb-4996-a92e-ae9075b91971,2016-10-07 22:58:08,73.79,,1269
1fd85960-4444-438b-9f72-7fc8b3727a20,2018-04-16 09:53:26,14.91,1254700,1310
e8d71569-8e88-423e-b433-d65b150f12a7,2016-01-06 13:39:52,36.81,,1264
6181b465-9c17-403f-ade4-48fed25d7b0a,2016-06-18 05:26:17,32.40,,1287
9aea7086-62b1-4fe0-8e95-c5708141dc9d,2018-03-28 00:11:28,59.84,1254721,1350
8b21bc10-a687-4dd1-a190-b3c3591c9b25,2016-06-11 19:14:44,39.93,1254786,1308
150053b9-b7c0-4ac5-9af0-d634dd3ecdac,2017-11-10 16:40:21,59.75,1254666,1298
1d54f7ed-d007-41a2-b96e-0e5f44d08890,2017-05-12 07:53:46,20.34,,1337
2aa90573-f5f4-4772-9515-6b394b90df7e,2017-07-04 07:04:45,20.31,,1331
25d720c3-ff82-4321-bea5-81ff7e81a000,2016-06-30 16:42:21,51.52,,1301
4ff5eef1-f199-41a0-ae3b-22b7311c3c91,2018-03-04 03:39:42,56.04,1254722,1276
18583629-207f-4131-813a-3eabee43063b,2018-10-05 23:56:41,47.43,,1268
4f12aa70-bad7-4646-8a88-0abeef1d39f3,2018-07-26 11:03:17,18.71,1254690,1313
2b3aafdf-6880-47d8-874f-c973a5c747f5,2016-10-24 10:15:39,29.53,1254685,1312
21e9775c-68af-4bf6-a2ba-ba4809292a6a,2016-12-20 21:51:16,71.83,1254769,1352
03c1f9d1-748c-48dd-a888-e202abfae224,2017-08-20 19:11:09,61.01,,1265
f81e4ac6-400e-468f-b4cf-b9cba0778eeb,2018-09-11 06:38:06,70.00,1254767,1272
477dd996-2dd6-4dc9-881c-12df843e7424,2018-10-15 17:50:31,10.02,1254775,1328
6cfb8a30-44d6-4740-a08b-39a4183e9cb4,2016-10-15 17:45:21,16.28,1254738,1358
1497ff7e-6f04-4ba1-a1d1-f194f9b74307,2016-04-12 21:55:54,14.48,1254707,1290
a09811dc-16b7-4c4f-bf3e-8116b23ab1bd,2017-10-21 07:29:15,37.36,1254710,1277
d5e6f5d7-7ee5-48e7-ab33-f0fc8c95f0c3,2017-11-20 16:12:12,72.05,1254743,1278
9d49cee1-49c7-4f6f-af88-30c93ca9ddb3,2018-04-16 02:38:25,36.75,1254756,1313
5bff8378-8ddc-4086-b70a-8cf0f25f23e4,2018-03-16 14:54:47,47.07,,1308
4a81d8a2-cd49-42af-8e0b-414cd20db55c,2018-09-29 01:32:55,53.84,1254695,1350
9f58aa83-7f87-4f7f-bd0a-d01eb0d1656c,2016-09-20 06:46:21,57.29,1254779,1322
b1d14275-c4f4-4d63-8514-5272ab86cb5b,2018-07-22 08:47:11,55.11,,1312
46ef6607-af57-4f3c-bd21-08a5c79e4d34,2018-10-08 13:33:38,33.01,,1273
7160974d-0181-43fb-9985-10d157e903ef,2017-08-20 21:31:49,71.64,,1260
471ef528-aa35-44ed-af79-039e35e929c0,2018-11-15 09:54:54,37.40,1254752,1290
d6195926-ab8c-4236-8d2c-40c9423a581c,2016-10-18 11:52:20,38.06,,1278
e738f8e3-2865-4772-9922-b604fe08107c,2017-03-25 03:31:52,46.92,1254673,1347
22af1e8b-0a24-45e6-88f3-f4db52be8f35,2016-04-24 14:10:53,44.37,1254781,1281
aadc67ae-d773-438b-b616-324859c4466c,2018-10-31 00:16:51,25.87,1254713,1267
82490408-2808-43a0-be39-f3c4806e4207,2016-09-21 02:23:12,37.36,1254749,1357
0b9b7f3b-0e93-4af3-bba7-7fa20007dac1,2016-08-19 17:23:32,61.23,1254669,1332
ffa1084c-8797-42f5-897a-e7a5584d0e2b,2018-08-31 15:01:37,59.45,,1279
233cd509-20e6-4572-90f6-758341d0ac31,2017-03-15 06:18:32,40.12,1254688,1343
a50fbad0-bafd-4482-8766-4262d7158f86,2016-02-18 08:49:32,67.60,1254669,1318
ac8af8b5-1470-489f-9dc0-81c5e9883522,2016-08-15 17:45:15,55.88,1254666,1360
b73ddc22-32a0-4d97-83c0-75b100cb9a99,2017-12-02 14:55:20,20.96,1254739,1361
fb22100f-fda2-4c6c-8887-52494fd7435a,2018-06-26 05:24:51,23.40,1254701,1283
bc62e8f1-d9ad-4d20-abb1-0783ab8cd21e,2018-11-26 19:18:24,58.24,1254691,1344
323e7354-531e-423d-9364-fb24c6ebb873,2018-01-11 04:49:49,40.59,1254766,1279
46d51459-d7a6-4ed9-973d-5105c029b473,2017-12-07 19:08:04,65.71,1254670,1312
b85179e0-09dc-4c0b-8629-b75616686fe6,2017-08-07 14:15:43,25.74,,1363
e6e82c8f-cd56-4157-bfe9-3c268ee5d396,2016-09-10 10:15:18,14.79,1254670,1362
16c8c211-23d3-415d-9bfb-85dcc67cb5e2,2016-06-07 21:51:59,52.48,1254773,1313
aa795acb-4f65-4a51-8753-a45ae675a870,2017-03-21 22:57:55,34.97,1254687,1287
f05f1e9c-8ede-4d83-a80b-bb4c601a56f5,2016-05-09 00:52:17,14.95,1254694,1286
af8b9792-6587-4369-8869-ed740e3cbdc8,2018-09-24 06:41:14,13.40,1254692,1338
cfbffa8f-18dc-41b9-9a6e-1cea6cbea361,2018-11-28 04:02:19,58.05,1254686,1262
fd513fe5-4824-490d-b728-c1c77f02cde6,2018-09-07 20:59:53,41.35,1254775,1351
0d9b711b-f38a-4951-8501-849781706a55,2018-11-05 15:46:14,32.56,,1325
2a41f12c-7698-40d5-ba8f-57fa8cb5a1c9,2018-01-23 16:10:43,28.35,,1291
b3d44896-e8f0-4418-bc11-be8e4eb13e85,2018-02-14 03:09:35,32.00,,1300
7568826b-aa73-4222-8e2d-d8d8b5a280cd,2018-04-30 01:03:17,44.58,1254671,1336
76ecbe8a-4f60-4e37-94e8-ee427c20280e,2017-08-31 12:31:40,71.61,,1340
70108123-db88-4b88-b04a-5792581981d4,2017-07-13 12:40:07,61.67,,1299
5037b79b-eeff-4621-af92-a120b7b4eb24,2017-11-30 04:04:32,40.62,1254713,1342
3e0dd11f-fd56-4f72-889a-8869435b0e90,2017-05-18 01:29:57,51.30,1254759,1275
